{
  "lighter": {
    "token": "BTC",
    "amount": 0.009726164696064648,
    "leverage": 50,
    "margin": 20.0,
    "order_type": "sell",
    "bid": 102814.7,
    "ask": 102816.2
  },
  "paradex": {
    "token": "BTC",
    "amount": 0.009725937665492908,
    "leverage": 50,
    "margin": 20.0,
    "order_type": "buy",
    "bid": 102817.8,
    "ask": 102817.9
  }
}