{
  "lighter": {
    "token": "BTC",
    "amount": 0.008336996129251798,
    "leverage": 49,
    "margin": 18.0,
    "order_type": "sell",
    "bid": 105790.1,
    "ask": 105796.9
  },
  "paradex": {
    "token": "BTC",
    "amount": 0.008338107419781167,
    "leverage": 49,
    "margin": 18.0,
    "order_type": "buy",
    "bid": 105774.0,
    "ask": 105784.8
  }
}