{
  "lighter": {
    "token": "BTC",
    "amount": 0.02419507814042436,
    "leverage": 50,
    "margin": 50.0,
    "order_type": "sell",
    "bid": 103324.0,
    "ask": 103329.6
  },
  "paradex": {
    "token": "BTC",
    "amount": 0.024196916441756325,
    "leverage": 50,
    "margin": 50.0,
    "order_type": "buy",
    "bid": 103318.3,
    "ask": 103319.6
  }
}