{
  "lighter": {
    "token": "BTC",
    "amount": 0.009722004152267974,
    "leverage": 50,
    "margin": 20.0,
    "order_type": "buy",
    "bid": 102859.4,
    "ask": 102859.5
  },
  "paradex": {
    "token": "BTC",
    "amount": 0.00972380976921996,
    "leverage": 50,
    "margin": 20.0,
    "order_type": "sell",
    "bid": 102836.9,
    "ask": 102843.8
  }
}