{
  "lighter": {
    "token": "BTC",
    "amount": 0.009697444577892057,
    "leverage": 50,
    "margin": 20.0,
    "order_type": "buy",
    "bid": 103119.9,
    "ask": 103120.0
  },
  "paradex": {
    "token": "BTC",
    "amount": 0.00969752921501895,
    "leverage": 50,
    "margin": 20.0,
    "order_type": "sell",
    "bid": 103119.0,
    "ask": 103119.1
  }
}