{
  "lighter": {
    "token": "BTC",
    "amount": 0.00971076015344943,
    "leverage": 50,
    "margin": 20.0,
    "order_type": "buy",
    "bid": 102977.3,
    "ask": 102979.8
  },
  "paradex": {
    "token": "BTC",
    "amount": 0.009712872907543649,
    "leverage": 50,
    "margin": 20.0,
    "order_type": "sell",
    "bid": 102954.9,
    "ask": 102957.4
  }
}