{
  "lighter": {
    "token": "BTC",
    "amount": 0.010006138766133023,
    "leverage": 50,
    "margin": 20.0,
    "order_type": "buy",
    "bid": 99938.3,
    "ask": 99939.0
  },
  "paradex": {
    "token": "BTC",
    "amount": 0.010002880829678948,
    "leverage": 50,
    "margin": 20.0,
    "order_type": "buy",
    "bid": 99966.5,
    "ask": 99975.9
  }
}