{
  "lighter": {
    "token": "BTC",
    "amount": 0.009711231670657173,
    "leverage": 50,
    "margin": 20.0,
    "order_type": "sell",
    "bid": 102972.3,
    "ask": 102974.8
  },
  "paradex": {
    "token": "BTC",
    "amount": 0.00971418912749096,
    "leverage": 50,
    "margin": 20.0,
    "order_type": "buy",
    "bid": 102940.8,
    "ask": 102943.6
  }
}