{
  "lighter": {
    "token": "BTC",
    "amount": 0.009725956584302404,
    "leverage": 50,
    "margin": 20.0,
    "order_type": "buy",
    "bid": 102817.0,
    "ask": 102818.3
  },
  "paradex": {
    "token": "BTC",
    "amount": 0.009727224312224446,
    "leverage": 50,
    "margin": 20.0,
    "order_type": "sell",
    "bid": 102801.7,
    "ask": 102806.8
  }
}