{
  "lighter": {
    "token": "BTC",
    "amount": 0.02430058068667609,
    "leverage": 50,
    "margin": 50.0,
    "order_type": "buy",
    "bid": 102867.0,
    "ask": 102889.4
  },
  "paradex": {
    "token": "BTC",
    "amount": 0.024300852328094556,
    "leverage": 50,
    "margin": 50.0,
    "order_type": "sell",
    "bid": 102877.0,
    "ask": 102877.1
  }
}