{
  "lighter": {
    "token": "BTC",
    "amount": 0.010140861638590846,
    "leverage": 50,
    "margin": 20.0,
    "order_type": "buy",
    "bid": 98609.7,
    "ask": 98612.2
  },
  "paradex": {
    "token": "BTC",
    "amount": 0.0101447915372149,
    "leverage": 50,
    "margin": 20.0,
    "order_type": "buy",
    "bid": 98565.1,
    "ask": 98580.4
  }
}